Commit,label
0006581e9cacbeef46381a223e5671e524d416b6,0
0018f4a3ad22ce1f02e7c1925f4800f19ff3198e,0
00427de1dc7d4be216d6554fc9b16d1e67dd05fe,0
007666fbc171d65f4627285a648989ec9a352d55,1
008c28ac67cbd477abe4761de34610d6de7cfda0,0
00eba49664049acc2b50889bff30308ff76d7342,0
015cd8a7f92cb245977f1d502ffc401932426095,1
01bc7fa9c55d92ead2cd1f3a9fca3177bdd4b8fe,0
01bdc524e7950ca31f6258091d67e18f7f1cfbae,0
01c53eaa6d709972b03735574aa58dc0abcdc51c,0
01ffae1c40ab7eaf4c33bf711b64fb279af5b870,0
02424af910b1bfa291bf6b85deb6cfbac7ae4ae8,0
0302ffded77773a37423930a596a15b7b9051be4,0
034ee6de6bc4c6923a835fbeaab4fb05fd694434,0
036c5e77d47e43b3841e1272bd597d87532b6a48,1
041009135ef5e5ad6582c6f044ee91287cb85faa,0
041206d2a693d02c0cb2e72765275e55ba14049f,1
042cad9e931378609bf83ac9ecb50f3a224930c8,0
046130ef8e15ac1acaf105d4e547214549d3dd74,1
0468b8ec0389e8407e31951a196826e9808ead41,0
048333c2bc702d9685b02287e2b2171c0ae9372e,0
04ee70a161b463f69692debea623d754a5c781c2,0
059a2a61174611236ae2e004e8a5fd4f9a31e5cc,0
059ebc72c2e58bb96e586bda797e55ed43a806c9,0
05a8cba7d06d4c2c0843238edae54af0b483b52a,0
05cb33d60439602a07c31e9a1560b880511e5ffa,0
066e60d5d6de8d51124c297410e7a4eca787d143,0
06720e6bb1bbc79630104a60253e789d42ce9679,0
06733d793d5916bd2bc78f3301e064e9b7c07f99,1
06949a507495e6b2e5761a11b10b8aab89a00b1b,1
06a365f12c3051e765466529e44ae192a9d5141c,1
06fdda5c2905fafe2662cebb3de937206769542e,0
07bb62ba8f661aaf1f5d5f874408dcdf6c00a0a2,0
0852f1b4d83760b321554784f106957fdb096844,0
0855cb9bd4197257b158c4fbf17821210c507e09,0
08841bbde3456939376f1940789c9a7b88b7a6c0,0
0885c60c4df1e4cb94514ce4c8cd5f78fd1b56e3,1
08af52b6f97621e96a44497345b7cd86c58bf14c,0
08cd4fc684238b56a80a66d4cb725556c4e3d2c7,0
090031f0d97cc15cdaffe30932fb450267a363b0,0
095018c3a022fbc867ace58942139c395a272fd8,0
095960b5691d33f127000794b3e79638cf384652,0
09634ba83e28dfefc123759b11152c50fe854b13,0
097506a45837f55e4d010e4094d60a36f6672ebd,0
09ff99fbfa702b57fd41a9ebc48a4b9e3cda939d,0
0a05833dbdae0ede490880c65989900105b427fd,0
0a1ffa962bdb919c2bef73754f40f20106c6c555,1
0a23cd4ec587135f51e07d1e1fefb80d17f86132,0
0a8e505b14f7c585ff0db9eac5ccf0ee31b09625,0
0acf54586f1a1da34ab97bee94858f2c0c444984,0
0ad2b155e2b410449abea58002b6b99c6aa06042,0
0ae6aa84eed74fefd5dbfd1407d61023000140d9,0
0b5231ada5ce365b41832ba8752ee210145d1cbe,0
0b6bf7ec1ba9df68ae6492408d482c984849c31c,0
0b6ebb179a5dc3fc2b50794082e75b5933cbfad9,0
0b6fccb4ee14612576fd634cab78a5c157df40ae,0
0b9e68ed16341c585d48d301ceacfb9e74438552,0
0ba9f0dc216387b6748f1a0cdf84a5804241029c,0
0bbc0acb840941f81822900609eaae9da28f3cc2,0
0bc123c992a9b450b4fc382bb3bb5b66a19c598a,0
0bd05cec54c581c971d90380304aaa23c9543296,0
0c00c11d0be52e47fcf7a03cf4d580be59fad7fb,0
0c00e1b791e90daea8125e7fd572dd1af2435aa5,0
0c2830756170c1608e55cf097a1f68da11e48f60,0
0c367776762b25c567b415ac4c2b0e48042cf34f,0
0c543aef318341ca9bd482e15f1637497b8a4dfd,1
0cc5d24dcb637c6ca4287f7abf9a16ddd6c2ff75,0
0de83292dec9f3077e5f06ebb5c6f14f01b74129,0
0de89452f1975c5724e75e5f9d5865bb814cf4de,0
0e954ede17c54b88e6cafdfde155d74a6b37bec8,0
0ea3fc17c74f9a470f17a45089541d4b71d72f07,0
0ed0ba584c3a2637dac6378301b3d276aae13c9f,0
0ed671153e9fea4dcf00adc610b0f941cdbc58b7,0
0efcc08445720822c2c44a5db426c68a48f0c8aa,0
0f1dccee3797645e8df7ddaa40972e8fce08ffac,0
0f36e0231efb8840808034e42e2cfc95004b38da,0
0f6a65debd2143339bdbea572b35ba94b2d8c368,0
0fa68a5bac79178836e02627d0030e595a1d8348,0
0fdd4611a0918fadadc9e6ecf594c9d97b8f5ca3,0
0feca5fd969be995a6acd65e7d4daf7375c7f6ad,0
1090a9748a8ce5fe21d5a79d85a46858f1288f85,0
10a8eec119c7a77be76000b30aaffb96a552cc44,0
10b9246ae1221997799dcdc44a4981264cf5e630,0
10ca47490e5f3958345ad37c43167ffafaba6c6e,1
112ea01b02bad7ca2a29688588b5b5c59c65d60a,1
11434620485db8fe04ee615d35dd93f1d7d818b5,0
114a923779c6297c78f515b20d66e5b60f209b35,0
11705e70b4395c25f275ae448efc12b0fec8d501,0
1181c3d502b82fcc0a9570ffc5f3ca71bbed50a2,0
11826312ba5e2be08f457814655efe2460e79578,1
1191d5eeb282e36476eb536ad0f7bf11dd570ae2,0
11b70d957d95c2952fde040a3640dab8ddc6b146,0
11efed59f177eb2d73e0b6d44ea56a2c92d0cba8,0
1219e49516ac2ecf4187cc80637e0924d10ebf84,1
1236bbf6f455f429d3c1c5996474381a6a649d4e,1
1357a17b6752a78dd87c3de7b0323f22e52731f9,0
138052b5f0e1c32fe7f8add977c6f7bf702605d7,0
13ae981311f83afe8cee9da12cdd00faa04047c4,0
13c471cc11f61a7589315c82597e01228874dfc3,0
143d17f299669d7dab1134229f48394b8c9c5205,0
1442dcef233d627b1e34fee15c0d012005f749f2,0
14577aee1fd96edad78125f1499c9117c5f07e97,0
146d2677c6ad5a683c0e73c51cd77ffa61664373,0
149181a776afc94a39676a570bda72e14826476e,0
14978697c3f43d22b7ea076070192666ea2859ec,0
14ad0ab00662e847b7959022d0106adfaf3219ea,0
14d56fbb93866646eb0152c0c56b64430c8a5704,0
14e6dc3dc6533fc6189a301cf720c0ee57650729,0
153f63ef43fd4511026653122fbde27e68221a57,0
1555260c6c8109cdc0a36a09e69019ffcaaed579,0
15857a69e7baf3675804495a5954cd0756ac8364,0
159bf90ef220ffa8b5dfb42f2b7ffc6f10c15f86,1
15f7590f7ab27c16166200028d86f3ebd2974092,0
160af55cb16e942f4519cba54318914a0c975106,0
16608aa850c7e2e4b85342cb749f8a83bed54041,0
1667d800416a009815e371374304ea6741daa880,0
16b400934873f49a32afd46b30fb15358c09a328,0
1702bc6ec2ea150cea085f473081b408d63f92c1,0
174400758003adabe7510fde2ab78d3dd6d65c13,0
17bacf5e7f4c0b23999f5341aa0458c71d452fcf,1
17fa0cf3c1a509ad87386127def9373eb0c1e5df,0
1807dbbba352eb0adc41704f38d130f719b3c06b,0
1813605d1fd62f3f5c3ce9e3a5c5b2106d048e47,0
186b5d0f305ed63b23a1db712a933aa4896006cf,1
18a9ea174241159200a08f5a75161c91324acd46,1
196ac3f328463e1b18bbf152efe6439688281e87,0
1987cfa2347cba9299eaed98a1e6b39c9ab7f45b,0
19d4a150a875e0862d458e03ffb413797f2bf81b,0
19e029924f00594f5143711673ec9b24fd1c48fb,0
1a3f54c93f54f946342cc307848bb29722bfe8ae,1
1a5ad284ed67d1742237c337072635f29aae5f9c,0
1a668af7f1ffccea4a3b46d8d8c1fe1c7331ff02,0
1a828ae72efc521fcd1f5760958f369a279c810d,0
1a8c751b9a5f7aa08469506ba6ad5b59aa0cd5da,0
1aa2752dec32d76a43bd340286b7bda44d7c8c73,0
1ac5b93144ebd92c907fb49664a524e196ae20c6,0
1ad52f420959e7b55cf301f0f8f61c8d4f4aef98,0
1ad6d2c31726864275458c02f9cbbe22936f7833,0
1b4eb127237fd2b27457b8eb8762281d2bf329c5,0
1b91a6caf32f60e08c2b4f0a7b2d95d9fb8ed22d,0
1bd8c0b47fed8dcd3875a170f963352201860ed5,0
1bfa1ce6d161bf2f5a12f40ce42f9ef9235ed62a,0
1c327e288a7fb565da57f1641b865d0ca9b07dac,0
1c3cab2e6f78f0479b4e776080693ec7faa149c6,0
1c42716ecb09e605638fdb6b2a61e3dac1830d80,0
1cd3fbb4eb6f1a531ca9259af9b24e2cc6ca25c7,0
1ce901698713075a07e9da363a121fa531d3c5c7,0
1d0102d83e2da8f27c1c8446ddfcd623d8f2869f,0
1d560e2b021bc796fe3adc957270daa3be621668,0
1d7def99567fd74e3c7f726e59101b733e1f17f9,0
1d82fb8e01f3e8d3b25fcd773eaa7add03aad363,0
1da18a3f40a45a5896c1a409024bf46ec1e4b7da,0
1dac649b6c8d511d16744eb9a82b0c79fb27f6a8,0
1dec646207c7b530ab8d7fd512cfa5033787eb55,0
1e0159b733dc7a8f48ce8943e1f15046c791349a,0
1ec71bdff17f6d11d50d77ff98db1c9a70e5d7b4,0
1ec990575d3fe71a78737f5f9a67834e784e5fc4,0
1f301038a751bf16e525607c3db513db835b2999,0
1f521da77e86ee42861e9bfee2a2daff37cb3272,1
1f862ba3cdc37a350566df860a81e998e6242f1a,0
1fc7ea23f4b1b172da86094c33ea3dc35aa546af,0
1fdcf592b785b8f49c749f2001e7dbad79e62e5c,0
2030097e01c6ea65236bfc9616ed3b158f4ef7b8,0
204f91f9355130f8b6d6edd9d9d701e30cff5ea8,0
20747eedca6577af2031c107d4b1ec3b69724731,0
20da1d6161f309dea758e3b3f9458ed7afd96f18,1
20e13f1625f5fd5be6e1f83ac3b63788bd8553f7,0
20e9d13b179a54a88fe60026e2578e501c87bd2e,0
213c3ae379d1a4445def44f441590153f369dc61,0
22474cd5414d568230cdb244741cc95b32777220,0
22807198354a81dc957e707b8b1e6e82de397fbf,0
230a86c4897e10fbc5e7384b064cc526395d47e5,1
23ddc8f02970d0bf6a3c6673728e3970eab4edc2,0
23e9c88135116e420348b2f9867a81f0de2c63e6,0
241971a13388a39b282472968f7d2ab433b82242,0
2468be18fab2d36a912091409a65829915d427f2,0
24b8c2a918ac599b5aff1265f2e08014de1a2fe0,0
24cd2b3f2902242fc8b62bdcaf098405f290392e,0
255038405549562593227c221c04a6cb096a0c05,0
2572410db364c6b24bcd4e41366d01feab68bb2e,0
2580daa9037e6dd17046a55442ffe79853a10cf4,0
25a252f34868fa58b3cb9207e8f91a44e720e8e7,0
25b6812daaae09572c85cbd99cf527bc278e27d8,0
25c5a2b4b9004f2fab126863223bbe9285f22031,0
25e7f314b10ba6b49e350d9f1cc026b3bc0a3194,0
25eea817c799f4eb4f353b91251b9856516a703c,0
2660aaec56f607473b09fc5297f99e25d233fa08,0
266f83f15ca8338047a0bdb34a38ebfc8c894a6a,0
26728639eccea4542c4effa0a71528ef5dee2ff2,0
268d6cc113b305addc4a31a70bd7c3b6d545e337,0
26cf6a7f263cea85778f5548235d37754209ff55,0
2711ad1f3f838e965b82d0b19b15b88ca858335a,0
273776e13b86ac5f208bdebcec3696370e75a1ab,0
275c4378e55030a66e1b705daf40dca70e5c9fad,0
276a9c459750cb868c61e58fc3aa1dbb2b4dea88,0
278b22a0b4661f67d461675c3ac51d55856fb9b5,0
279805721d6223673b5cb93e29fa91a4bbe0ea90,0
27b5bb7a209bdf12eb14e653d9d4c42f444018be,0
27c87d20f31037be1c0740ecc4a902927254a940,0
27ca165ddbf81c84bafbd083b99a18d89cc49ca7,0
27d0ff4011482a7a5eeda14a1c16647e72ac4671,1
27ded73ca6380e3e9d8bc2e39a86ca5f906ed62f,0
28067a29fd13cdf8e21b440fc65c6dd67872522f,0
287615305e037fe03a3c7de924777a4ca9f421b1,1
28dcba96a420f3623dcfdec90b0f1777ef1ce846,0
291da5706e16d55a48766d0a66e898d2473e7828,0
294d3803983be9216055a4b2d5638fe4a7312834,0
29530b63fd9af6a4aeb13b845f0ddd7af7aa8716,0
29849639120020bd63b0cc510e3a5025cb33b0b7,1
29bf8de2253034c6e06e8a8a0dba2e75a56b0ad6,0
2a076b8ec788159de537d2d345e20a4834fc655d,0
2a08b5524253ec03c86cfd1e20a7aa1d35898298,0
2a2dcd5ec45f2d165f65a8e6983a9d28c4981199,1
2a58f4c3a2a0a27ac51b25273239008e05126607,0
2a8be95480f52975f739c8e6fc09c31c50e489e7,0
2afa49524e2cbf4d63541d8ef2493275209789a1,0
2b008eacd31e1720794089226a12107a57efb969,1
2b102598dc95d1a436db57b933ca3332ef867e54,1
2b11b8c36d29bc5f444b081fdf54e3974c5468a1,0
2b456ddbd06d78ffc7a7c3a4f3e669cbf24f95a4,0
2b8e02d97d05a328c65dff025dfd2e02ef86c135,1
2bc9a835080a59577cfc0a75552022863996127b,0
2bea99e96b448585caa0080ac1dc5faa1db85826,0
2c75ea1d14a7d8bd662337e35eadc85a1931c43d,0
2c8225821c2f5caeadc900ef057f2d6cb2cf3485,0
2ca318630f99fd11eb95111341e7188900fc212f,0
2cc17a2fa06b86fef58bd26141d29bb5cb0d715d,0
2d0361bd2bddfd92a18cb120bd5657343f96bfe3,0
2d811fa6afebfd6d5f1625f28ee10d28c48ac891,0
2d8d8e64ee67932f406131d6a754317acad49aae,0
2db660a3bbc91c6c53e692318c255f4ad12a6bf2,0
2e0f676c9bd59c4ac078fcbe2d8bfab850ce1fc2,0
2e9df577aa8e55ee0fd4145d527007230d03a671,0
2ea2d869cc38563ccc64fea3dfa7f5c576494a84,1
2eaafc0c12bd5b2d8fa70b29ed48fee2ac76053c,0
2ed83ba79c1e18b594830d62ccc044fbdf889c76,0
2f27e45ef47f0531d7ce45806b5e0e85255ee8be,0
2f401b311c579843ff567c56a9219504413e0afe,0
2f4d11f9b0e203cf40c990d211153d7ba4085057,0
2feb96c80bde0ee771ac3d44d60b736e2bb81a80,0
3008f2609e59c9aba7ead68c7be6fdcb075520f6,1
301203e6254aae3f792ddd4bc0ffea904fab61f5,0
3013c2020bcc65019a957017fcbda3ae5b79dac8,0
302a42185c0e1e06c7c7869aa6245dfd88ad7338,0
30920516991f89c39dfe18577840790197166d89,0
30b672396b6a20ce3d9c9185cb8e8d3d1dc0a103,0
31a87ac778c81f56f3fed6ca5df7a9339cf9995c,0
31af5842e022c5cb755fd697e08e655765fae981,0
31be88afa28fb9b1e9854d0d7673ab9b979cf9be,1
3210d79b0330614e8088f31dfaa3712df027d521,0
3224ff8a0a238a2fd4d4e64c23146dafaa24bce2,0
325a49556c6cb2effbdb936889ebf45b212d2a46,0
32855169a5f52d917bf59923e1787700074b95f3,0
3318a9f0e39bab31508a07718ebccb1ffa44a04c,0
333158a031fe2265f0277ddd4e45b4d364233c1c,0
33a7e179c3e79b7c437e036aefc545234fc770aa,0
33ac7ac49aabfcf792d38fa44d271a93433ffe56,1
33e1eeb386c98beeaeff51504a2ff156098f2c01,0
34378e8ec146b0861f3308809a926116b9e1c35a,0
34af1cd8a212b366565c4d1888dc5f2504efd000,1
3507655a558d3bbcfb069da82a3d07a447d361c5,0
35ab83126ece138f3bda4e09e7480719df6d8305,0
35ba427ec963c8b29401599e67c4042894a8ae69,0
363095abd9ab4997af10333dfbf2bb632b925475,0
363a1cf599d7203d922d93950b77519013b16638,0
369b22af7b740eb1ea48d9c281ce9e43f9e2e587,0
36a2bdc519ea449813995e2404fd5187f7c1ffea,0
36e823c7e90ba2f33206e15efa5083c3b3d7a5f1,0
372f69aba9c7f9cf7ea25dbc19865c48c632583c,1
372ffb8aa08ad51a8faf25e56b794183df9f8a4a,0
37527a7d8a805e6c19f594fdfcf072d38677ab2e,0
3795f76baa474af8f1e07344102ce21a5a2e58e7,1
3817ed9a975514012f28d46cf7c439d2a0931c64,0
3844b00467c43808c728b4078f3fb3d82256ec94,0
388c16d0844816ba672d501b29cab236dfe683ea,0
38d225f97065bd9c4e982cc138a2a64d97286970,0
38e5c0829a3c8051841be416ec432dadae0dcf4a,0
39100564daa1cfcb3ccafcdef260455b0b8b473b,0
39a91b294e58a98258744cc8aa927f27569d41fe,0
3a0bd4caf047dfe2918bc4527ffa41f2342b947e,0
3a71f8e33d0309cb0ca5b5758a8f251da205e757,1
3a7a94ca5040eabd90f6060effc517126def3fc1,0
3a7c673dec46b27a691ea900d0639d92544917df,0
3aaa1e73be7c555516333f813780f1428852d9c3,0
3aab9a32823f401b7eacfc27220d2e28ad97d9dc,0
3b08860f10a12b8753e24756cf66f4a8d66b270e,0
3b408f560124efec40983eb218109afc4ba19c95,0
3b4aadca7ba6d6e479a4b1a3dec911ecd975f725,1
3bc11e13d7f7dd4242881cde03c9b2ff6fc7da02,0
3bdcd9714b8259c7c8c2ae1d5837148016d5bdaf,0
3bf95951bc2023be25c14c449a9ea3c04565a2e9,0
3c03b49481d5bdb623f179c93b16d29dcf127024,0
3c45d5234aeffa9687e06890dd32daa2618e8505,0
3cf58aa002db8f4099468138f13997383a057056,0
3d024d6b4f6f72b5d731d3242699d5325160ca43,0
3d5a758666f24c8226d35c7ceae3dc3dc8fd2ea1,1
3d61acf2b202656fc13f93b31cc28f80b30f6cd7,1
3d862f0dfb8bc097ff6a4e45e0cc25b06e498e9d,0
3da198135e432341eba36b072dfd0f7f6395b4c6,0
3da9f1c6ea0836b5fed53b00f3cb3a40fad47e14,0
3dbc9c9548118f4a580c0a5da477543b6aae6a9a,0
3dfe0c161f55ee47d4a24aeb8ce0363bd41810f2,0
3e8653bf5be1f4e76a9d5c58677e854434c2674c,0
3e945b5a9177af205129e7b3844d238fa33021af,1
3eb6aed9613ee55d6f37c6f253bfd8fe6ae3f6ca,0
3ebbcab3b4bc072c4a66a95680887b46840218e3,0
3ef8b4ab8d732af9af4fbdb9d6df407af6481993,0
3f0b480d0cd901df28582cd762291b1b14eebef3,1
3f1f9a133bba5739273ebc1212f067eff1613a0f,1
3f26e54521b02896a7b3ba9752e5218ee91a9f01,0
3f4ac3156cbf7573a2f8c3a042d9a57469518b57,0
3f7216ab847b0e2329a5d7a91af2f0e845e9879f,0
3f911c05b102758406178566036ab8a0f30134f5,1
3fab155b4cc530ca3ca0b69299ddcb348eb5f26d,0
3fb3be25325d9245e6cd77f4bb41f614251640f8,0
407cd58279c61a8c9487aae3e42a99fcfe8352b9,0
40822d67f5b6b667bb2760986cb78efc9e2e3ac4,0
40926586aa8a478315583809beccda7e421c0477,0
4098942c1e8c1947eeecaff8bfcdbd8ba9d01ab9,1
40a7d3b6ac35d2ecb34e85fc3403d2e48e33874e,1
411248466302763e19608733dcbfb95cdc36363d,0
4118d02a95f383f8fc9ddbfb74023ddec54638ef,0
41227fab823c7078d1f4879eefbfe39230191571,0
415e0fbd44bea04fc3c6566d38fbe60d22680c55,0
418a20c0594f23764fe29ced400c1219239899a8,0
41914b854fff42d9280076a85178a08123521356,0
419fde44572294e11ec4d045bc9b54e5ccc880ed,1
41ee3ec8dea1df70cb12f722dcf797f50b24fc54,0
4207bd9cc04d9716eafdadebc42852adf4d58dc7,0
4227062548b905cd972d85270c3bc8c715a55aeb,0
42282810a88c2a7ed1814f0bc13e922efcccaaaa,1
424733c05c4b458b63d748d0e7de6ccb9d3ab39e,1
42a1bca48fbb7b5bd3b39a0ff078ca90bce7e820,0
42ce8be6967c642008eed2f0d7bf818866eecad0,0
42d24e190f4e6a13a8245a7a8d941e4e639e153a,0
42d91a3b79c8331d1ed43e6b1fbb3a6345194f0f,1
43748a5523dd5fbf020f8023c7dcf8406dcb4971,0
4375a8e185b0b870383d1157c5b56c21b7786dae,0
43d2ef0469b5e65076d3896f599581bc9fa1f002,0
441781cec50f77d9f1e65093f55bbd614b8c5ec6,0
44488a5bc3d872d39e847776cd955b7f374189b8,0
44d2eaaf7921194ce4d5e1a8785f8b1dd2ff1d4e,0
4522061527d683837add039b2356d1f943744833,0
45c9e3597f5c5c8c18a2d80d5f4385930c938841,0
45fb82d764830bdad290ebbd4f389d95d21835ea,0
462921addf57be084bec4c626884b61e0d71b30c,0
467382b88b5652450f648a06a0f6575c7417ed1a,0
4720f46a63caaf9db97ba27dc51ac5ad21e66bdc,0
472782ad8f0d35009e3b69b8b238c70cf554fd30,0
4741136695f6871fa035c44c65a59e0d1ffe829f,1
478945a0bd563a5586eccfa34fc033c0ba24168d,0
478d28f988ab33fabddc06a1d841ef5dd7786947,0
480433bd7414d22229fc1c03745fef7c30bbab55,0
481775e37a2b1cd26dfebe3dfa96245d41ce5836,0
483f23a8aac7af780feda4b0193401366172b119,0
489f5aa2046a610f15360a7c53cc530020cf8394,0
48b4869472d647a890ce6905e7914b7d1ecde948,0
490e1da5dbfcf4a39e43c1559d5e6ca75f021011,0
4926dbaad338d2f52577da005d68669f82cbfd8f,1
4944104eeda72faa70fc1148550b9b7892148164,0
49974279a745604d1028a78426985d438fc3762c,0
49ea0eddf6ecfc2e6709192b0667b8126e4dfe92,0
4a9f158154cd01ae9bec4678c6c8ba01c0e7045c,0
4ae43a36b5ea991ec0032087228304f31e3b6a5a,0
4afd8f88f8a34cf87f2a06221667166a54c99a15,1
4b022bfbe5f575908e61d84de885ca171fcca7f3,0
4b08ea5c0406d88d8be37f74f3439464f0a9111b,0
4b40771643f108106f38c97defed39a678ccd425,0
4b44d3129c40e2a53b57505f58314038918cc256,0
4b595ea6dc2d0bd3dcd7e80d0ddb670ead17245d,1
4b655ecb688685016f67fba7a9386683f8429df6,0
4b9445de8027b348ce30da16681901857d45513c,0
4b9aaf230c52f4c79660b38d47e6bd339ed6a7c8,0
4bab6a885b48e1d2b41b2fb305b761145aa92fbc,0
4bb8b137f09219ecc7fbc81a25a3079140745b7e,0
4bce5c810ab071c19a90d522dac109ff73e45a7d,0
4c481ec6a9c0bf21514f70afc9a1e35ea89de7ab,1
4c4f0d18cefd3952e84e79bbf0c66b19c210c6e2,0
4ccb2b6b4acc83fb86b7021ddadcadade6043490,0
4cf6dae48b18319315149f8e16b0e275f0a50207,1
4d998c12c95a6e5ce3d66c0d861e75e33b5cf013,1
4d9ab0cffc7acfdcf0b5e0f256514d3bdf3ccd34,0
4db60a88a9c8779def1469f0bb6fdc30ad82e5c6,0
4dd9c2d5565eb8eb39a39da81814e4ca3039863d,1
4defb0689ff6f16777301aae4c26929b40c78762,0
4e2acd4a77a39ed74dfb692c2978248fba3a4946,0
4e2b30097bd44b3bbf04f75aa7eae18c0888b8b5,0
4e33fb114bba828af335be3bcf849116dd8587f2,0
4e98aaaa1b08cc37374d06e77cf78000d98c5ff0,0
4e9fa8423931417da8bc60ce220f46935b54c5de,0
4eafcccf6249f0936a4a83ddb3b4f078c07f70ce,0
4ecc89eca04546bcbdb1fdd72110fdf7c7c2b6a6,0
4ee18f96bc2d401f9007c5fd458c47b7ae4ff35d,0
4ef641850539557ffbc9412ff1d6627a8e08fd32,0
4f46d2abb23fd668c9e766ed2baca4b128ed178b,0
4f4e742675f53b4368e09f0c2d607b74725b8a89,1
4f4f5260029f2074de6c925ae97c5cd6a6bc2a55,0
4f6599c959a6543f1ce4756009e47ea655fa5e2c,0
4f91ad5ecb23bb54acce06439d80141ddfc3ff8d,0
4fe3d48f6cd14237b9c482de2ea76f5579ca61cc,0
504bcf0596693070d9c1deb00a6ef2c6455ecf3d,0
504c86ead7577247f5200e41c2460690ee11a189,0
50fd30b972cc73d77f6cec406d2a0a9e4d117c46,1
5127cb209a8382e07eb8ee27ee16e79f16e2f97e,0
512ca88ba68b71c5f40118e165f4c2832a1f2313,0
5134c7753d93c8e55d994223312e42909b1a9cff,0
519aefdc86add277a16e46d235328791d910177c,0
51a49201adf73e33ba68d533f3535a32f507b531,0
51aae5bcf6dd7ec1aaece74ec69744817e923011,0
51eb87a84be88d28383ea48f6e341ffe1203c5ba,0
520a2ded04cb1fcea242c760c94e5647579bce1a,0
526cb5bae8a0976e553a4072c8b82ec3fc07c768,0
528b82634f528468970eaa655c0085b1c9592b71,0
528dab78d6dbc3bb4f61663f423b07284936ec40,0
52d8e67aa2f34d8d15de95d32e64163c35daeff9,0
532841d40f164a8d8ae6ac0b85b60d3cf6db0011,0
533cedc4fc555b4df573c8e17594941019f5e50b,1
535c30c3e8576b470cbd0031f90ad31031461959,0
537064df23d4cbfd8e77e9660c47b37d4bae48ce,1
53756f3c196bc51bdcf4ae694d61e50bdd8c45f8,0
53de8c93baba53e2929bde7d48fc0294dd3002a9,0
53ea4caa200a5920974f5be9df4b454d4c82954e,1
53fb5ba5f89c641a92a4f7bee7584e7764741572,0
540a66baa130d87e8bb2e8bf297f500441923d08,0
540dd5c987855fc6b0981ece021358645ae07827,1
54114ccf77ac8032f51274bff19c8ae0de37a94c,0
541c991fae9917853ba59c44002dbf1e5c2b4b10,1
547476d1bc8bd6d5c824d51bc0dc3cdd5a201f4c,1
54974223fa1f6a66d8c1d61b7b18c94ef5c50386,0
54a0e27c937aeef98e17e999a6e61591a46bf91c,0
54c64234844488d178e4ac1579ab8194a36b8b4a,0
54d01ae72b0421bc23580916356ddca1e87d7c99,0
5508352ddb46417ccd44033064ea337da509c021,0
551f4fc4e09756a6febc387ceefa420793f6a2af,0
5545efb2256519d2a8393669812744aa6a2ea022,0
554b9dddb0fbd1e581ef577dd62a7c22955ad0f6,1
556f309df086fefdcc6ca717294eaa91d3a4e113,0
55794fe07036dc437b9010fce0c71e4d0ff48454,0
55adb11f06eba4ea47ccd1508fab710f95ac4f13,0
55f8a76a96728249ab98e384a330a485492c4615,0
5615e59010b716876b9d02155b6678272f39d06d,0
5649ff1ac5a04389e3a1c8aa47ad7673a66ed48f,0
5661f85f98bc80141aadd4c79f620a295ca8e5e1,1
569e1f6c82dbb562f105279df68e3dd2cf0545bd,0
56a360597e69f7f211fc1ddce15653e8ec60c820,0
56a700110c94f533b427ebdba427cc7d2190ef4f,0
56b589c842e1621d6105d5314bf702317cb6ff00,0
56bf794dfa64da200de88955b96ff7b67646f0ad,0
56ed0740572e2e108b6910ba8f3cac0dcaa31fa4,0
5747ff14c47b7cfea3d65b11c0f225e6b19094ab,1
57490c5ffce7e28832717d4280f6816eb7bdfcbd,0
576338cd55ea01a0b00952f486d063ee67b7ee13,0
577952be495934110a396f98000553c20a09039d,1
57b494132549ebef6877bf47da3c3d5d776286e0,0
57f8125973471041f5015e2c195b20aea051e2b9,0
587e3a41b1d306eb246aa39d71dce469f4e50e9d,0
58a58615cf45c669800deafd462f7c427b677caf,0
58aca869816e893e7a2f34f0708c1d7fcbdca0f5,0
58c919c5cbaec57ed1ce73ee3cfb6577c3222e7e,0
59643ef23ecf1e0a59fbc4d798b84a8a4457d429,0
59b38fcc43766717a923d23c410e349b32a4c9ea,0
5a278114e19678801c096f3cf557f8321d2527a0,0
5a5056e73b851c6990a6f4e1bf5a16eb83efa82f,0
5a5af1b5879a9865aca03c70ae5bd6f7a3473f7b,0
5acc71f7c30e16807912bf99b4c32cc4b25f586e,0
5ad47320389a2044d107c27251807277e91fbf36,0
5af840b1600529ac59ed706cf52d2122e7aadafc,0
5b4ae03e7506c1a10640849ee21a4d79b57c4193,0
5b5bc45b17bd0b33ec302c5b8c4da6a2d8d34f4d,1
5b67f4ac48c8afbb4e76114a7735871a8826582c,0
5c2539f1cb3dc1a9e28bf078e566af04016668ec,0
5c354ce099a6a3f84e03b201f96d7f324d578a12,0
5c3ca9d5374716ab1758ada6f0d36c8a4f5e2ed7,0
5cc1a557ff9d272e7eebcbee9ac5cfa294a580d9,0
5ccff073f54951645d0b7a4d85a015e7dc085a8a,0
5d0cf8baca45594ca7b6b4e7160e03f59cb258de,0
5d643edfaba4f5369c94ee1b4eaa5c59e3a9f37a,1
5d68b267b5d089c8ce22e044edc7aaf532d93f02,0
5d99c99ab72fb500d66e07fe346dfd64ce7460ac,0
5dda6e6fee28cbda6474340b552ad63f8774718c,0
5e05df1cb76af9a4d2e7d59cb3711747c5814b75,0
5e5458ec38f7a204bb40174e13262c7b892de89b,1
5e656d394ce73d6f7d9e72f46348ed7dc9b6240c,0
5e747b070ddadd4e77f1f8962a54a115c6c04ef8,1
5e8080abe3e0b3313e40c71c2ca5930a88ebe4f6,1
5ebc0643b55d728a6713a82559a594d875452cd8,0
5ec47b1e6df6c59ff3fa466d20f28fda46b60254,0
5edede1d0bae76510e42a16f8381570ad26fbfda,0
5f05b511d7d1184f6f25a2b644b615c4f21b8e68,0
5f1adbe898c2730f15f27d6806d74655505e52ae,0
5f1bc25ed67669758a20f50544d93effd2dde7b5,1
5f54b8d087f5125d96838aafa5f64c2190e6885b,1
5f7522979aeee0f8bc0531519fa724aef56acbbe,1
5f833d9cd78b66013f6e45e4ecca15869790cbbf,1
5f9b11cd951fa4ebb4b1aa12b181b170866f1db6,0
5fe0a4ca8ac2e033010be065e2348ad40d16bcd9,0
6021995bfbad1cbf0e6dc16b2d3e19cf9b65011d,0
60325dc516d10dbfce5e7f5a57f1451ec788361e,0
604656fe8829a79549c24d34c0149891e0edebe9,1
605346ae0f15dd755c37b7e8802039fba8e5afd1,0
6078c43b681b85a9a1c3ea590b5cc7bcd2dca7a2,0
610b87aed8ac0c98a97af5637750b84fe0b15e4a,0
612834a16355d6bd59d22bbbbdf250dbaba2a332,0
6132eab65e6675df1a9f20e66ee209a20c2ac1fb,1
6135a713355080a32f32805ae0ca056ada3a0c34,0
6137ac2293a2649400c22c4d81d9a2018e80bbf3,0
614a6b6743aa5005d38120dfa9e37d307dea7ae1,0
620b6b95bac0bcfe745d512898071e58c0d3a304,1
6280feb4266f5f8906b72d48a292a81939c8d151,0
6297310a90f95b90f377729494b29da22b90d320,0
62b61ec06bd5199a2e2712261199e513fd8db52a,0
62bb8881123f5ef20502551a8b72062f0ae672c2,0
62bc93b98713206c229325622fd0ad7ea9a1e3d2,0
62e1abfb902ac48741481bd0d80783ecef9e79a4,0
62ee6b104ae871807ff073eb206b5f3ec549a302,0
62fb85e6b9a18cd853022e10098fd6d07c9ad34a,0
630e1ba065a8215c4e9ac03bfb09be9d655c2b6e,0
6315241719be167542962da436b38782ed730c62,0
6330bb1ce34a253145f52eb2dff3f648003f0c8a,0
634a81898c4db442222ba58ec3ef779f2868dfd4,0
634ac91c3de96bdb8297c979d0b1b533d633efe0,0
6397d0560b8bcead0a0141f5608fda7d1c7334c3,0
63c1d78a11db55fd91d6c61e7682c77d21a44780,0
63de7730ee2be146e90227ed067ed108f4a2a534,0
6401ca084ac9409bf6b6c94b2fa4ff293e427133,0
6415da23fc444cc06e25757efc5c4b2a17ba9faa,0
6457f002d97cde76f98444ec98abdb9bc4be191f,0
6461e3ba8134156013e4d837c0d78c62aad82b2b,0
649ce30681998483b50323394dad13f143fe81a6,0
64beeef5937e972c502888abc84adf1328295d04,0
659a688d25477a9c9a8a8487b1948520e6cec17b,0
65c41ab917d7b5f323aa71d841cc03b29e12d480,0
662aee8f211e5848ad400f6d52026e4a350acbc6,0
664d577dc8cd7ad1700e78b42343bf6fc4b64810,0
6658c6360e771a793ab261e5b4d3ed9dfb6720d3,0
670c0f31bc1115f776e0c6a806c2e006f17f7116,0
67536bf2d2440256c9c46f9a6128cff0875629d6,0
6764511fa1b7efc8df097514f991ff3950f618f1,0
6778a49eecb2efe2af4fb6bb2a0d7c82f9861248,0
67cd6c35007aab2053bd0ee0e83108594f4e09bb,0
67e5952dd1d77810837a96609f90a3acbab0d443,0
680cb0d74d7301da5f38b131cac27c7db30f7b89,0
6834ba7a91003ba4e6f0d7ce82cdc7975dcc8a50,1
685a38d601d5edd10e616abcda3169b72d14cb18,0
688c4f7946e36843d9c5a21946404ac43eaabe2a,1
689f85163fdd9e24816852232dff8f1519cf4351,1
68a9375f3e22109c68d048748c66228de7a8b4c4,0
68d245f4bf31495554ac6f5c9bc6df450fff43fd,0
6916f47c97ae06c7d0a1dedba38cefcd6566ee36,0
69604a125124052127d9a632315ff6d48298f66f,0
697c382d9bd4a3aaa05bc28b64a5e74592101c61,0
6999a02d703e67b4a462573ac5c76b2f5e1e80fd,1
69da41eb793ad31a6c076e109dbfa6dd1b5a1cd5,0
69f56058f258b1036972dfdf51bfa5c48d0d826e,1
6a73fe84934ecaf17a845ea9db98077eaafd493f,0
6a787881feaae5d3562906bef10a19eaee3d6106,0
6a84b5664d705c7b4e4f7d30609e42ad3c6b1d76,0
6ab6ec879cc9eb1997b88856173d2123b32509ee,0
6ad5953ea3937fef07e22d82f98f701c72e515a3,0
6b4509cdea61f78c2ecc013929c8c54da0f38341,1
6b8272ce47160036ed120a48345d9aa884477228,0
6b8d5735d18737f8448e95f21eae82a65dbb0aa2,0
6b94787f9ba32d535a76b976530aba72ae1fa76b,0
6baea8ccffe93e6ea6289cac8970f95e95f797bf,0
6bc99ab9399591b0caac113d95601acda2ca8b69,0
6bce858e4ae37fd10a6651428741a99a4b893d52,0
6bd694b7980494c12d49ca1bf39f12aec3e03e2f,0
6bde06ae55295d4800aa96d694c250a78203f95d,1
6c1676b59fcd7d46ed4ea9c5c1d6ef77f9bbd779,0
6c19875c786c03a33658f633d5c6a3425bbd5aaf,0
6c2ff6f153f7c4ab1eb3d92bc7ab2f401d40aebd,0
6c3316a14a15a5a24fca5666d1d22900c25fd530,0
6c798d18ef2e20ff6d575cdcd63618fe05e71012,0
6ce0aaa0dcac090e03181dc7146f6ba38eb6ab22,1
6cf216953372cc95c493a1848361558c6599d971,0
6d1cf66ec7c4ee5e9438b3beeb813a5e51b8bc6f,0
6d1f57b13776cd037b3f61c40b6cd86595479f5b,0
6d623ebb56a6fb801753b2c64614c6188e9c149d,0
6d710da272285e04d6632b501e0752d020063182,0
6da017abdfe10ad39cd2e7d6cf87e09d5568883e,0
6da702be236fcd76f33497263193cbca5d5bb5f7,0
6e0b73f48a4f26e807e688654f58a0e715a421a8,0
6e14fc146a66e0f3eb362f45f95d1a58ee18886a,0
6e1c0ddf76c39a5b223b47cbdb93d93e665ff1e8,0
6e49ef3a600f9b6602dfc205137775b97c6e9e19,0
6e89179eb2c5f0a7b71b7d7fdd7b0e8966f68f52,0
6ea82881dac8191f3bce417adb4a2fabd18ef84f,0
6ec3d2a8b645b0032a2cd6ee7aa09778ce717ecd,0
6ed1fdf3d8691f24ed6377f84ddd82d8a82332e8,0
6ed496c714712b979d12f1eeba7da946e086c925,0
6ee3d124e47da4f391dce53aa365b7450f4d98fa,0
6f272e4873bdba03c1b3fe3ac8c0670b680d2c6c,0
6f3178bfa04fc8fb80ec8f21a3e3e33c5ecd3c18,0
6f4074b5aa81c2de304e97af54b9f6257b085f2e,0
6f69f1914a9bbc0ed0135ca1fb2f8736d7106182,0
6fbd1bef3a91eb6992507086b75f6d22bcb95fb2,0
6fd129b9ede6f5037deaf14038cf381fcb229222,0
6fd6e6145c0d0432f9e8fa4359794f82d198065e,0
6fea79d1a913032236bc84d86bb2bfaff758225d,0
6ff825c684236a6e1c8a4f77cbcd2d7fb953870e,0
702b13be278f0f1ad52ea7c7f95e750a0b9bfad8,0
703faa0af8708f2b897a89b7be18cb5907a8930f,0
711cf0201cdd319a38cf29238913312355db29ba,1
712303e6ecf8cc6f2ecfcf2b41de892104a87785,0
719306e077337d547bdcf1dc3c2aff1f6c04bebd,0
71afa0ded92805e0039d74e1a8d39f34e3934c90,0
71b26fdcb016c58d239e1262f70651fb07b7728b,0
71d5fef019b7ed1bb9d8129bc180216cb6655c07,0
71faae7c6c58fcc2820e7789d7278e196e108303,0
72471d7075681bea52046645ad7aa34e9c53751e,1
72491912adc21bee4a5adccdf2fbc789d110f66e,0
72704ff7e39d7972afc5861a07ef0556362716f9,0
728055dc46b2517791d5860d60a77e6196ddcbaf,0
72cee90f7a6b5bc8109fc97ca69bf4939a22fd50,0
72dfbfa283c117879a348887a113ba144ba114d7,0
72fb626f8f9a9dd8d4c6d35c78cf5f48d2555c33,1
7339c6efeae63a2d62b7028e4327b312799e5fa1,0
733fb5e8a26f7d8fb3e2d55ed89ca3c00f43214b,0
73494b036fbed01bc83febb65135cfae272dea8f,1
735fd96114413181defb17cd49aa75da232a7040,1
73741e79fb02e73c5a35eaddc8ff77d8312f4d0e,0
7374361b5c6398a92577479d297e55dbe7ea2f63,0
73e291693d59a96c0054fc7e7e09c2c67b192911,0
73e763faf865b96c6be4d73ec420237a89b60bef,0
73edcbc2e9e2cd46f61bfadd057cd650b1129e4e,0
744fbcf99b0526aa370f890a3bfc9782213d5fdd,0
748cf745628dab20b7e71f12b5dcfe6ed0bbf134,0
74a7a8bbfc8012bf0842b1eec891a8545f9944cb,1
74b1311272ab72cd2765363eafaacb0c0d99ac08,0
74bed6b577fcc7388922a74e15036a5729aa2e6a,0
7529694f23cf46f977f7f1210f91ec4636f35e3e,0
75a8a13766cb612c3e0b020ef474776bddf0aeef,0
75af5faa5ae5c715483b86e0e899bffd9e533c45,1
76153ff24574fb91b474cca2f879b25395230786,0
7629eafd0a54f163b8092f43d2d83f9cd6ee3907,0
76d9fccb2d6c2972217547a9e929af5e7fd31b0b,0
76ea1c64ff41ab19c10f3157a15bf9faf619c1fd,0
76ea79f38a5e9efbebdf9e7a966795e2deb5bc9f,0
76f188406eb9f17a06afcb5f49f0c44d749da0d2,0
76f2d5702fe3465471c78a1d23d557f33d0b7664,0
77078a85d921070c24903b6e79aa20e0493a7f9b,0
771289445e261210e48fba34f3e298febf19b1df,0
7739a3cc4a4764046643f4dbdb5f823bf26b4a81,1
774e3a63078441a827de70eabf523653d0d858e8,0
775c82a74306918f9f333a2947375c09582a9198,0
77ae6014395ad2ff766aab29b0fe36e7c4416009,0
77e537fa408618bb38e12f85320cb7a13dfda4e1,0
784b93df4d369f8c90c2038dc440ee0f0b0f09d8,0
7857b869a05b12779e35bfe8751828dfbf328fff,0
789d3fc3898d6fb4adf001f58066a5a7689214d6,0
78cf4b1ac1bb251676f0037b303064930d79937c,0
78d88b46ef36da1b587882a2e1ff296babbc3095,0
78f85ed277d639bbe48eab9e7ed8a22fb09e84c6,0
791364cf6d97528ec75b8859450204150d55ed5e,0
794e62fbaacb17ec9abff107ad49e28ac5df8187,0
79b1eae93be3d8e7531db4dfd401e3b90525dba7,0
79d9d57cd6dfd79beedcb1fa2f517229e2bd3c84,0
7a0a6d58016b244e9521442f1e9666521f5c61b9,1
7a386be93891dc331260160d0d76ced959f17f25,0
7a398f665881c2449aef55ae12b7fa74abcb3c23,0
7a4990e7fe7c38c95b4ee1436a822428ff1f5f98,0
7a5c4990e51a98e82ece5d0762cf9b42f86d47ca,0
7b16aec2c0edec1bff95245900e702811aa3a718,1
7b1fd3484ef2f557a3b322b5f08a8f5499be2c7f,1
7b54a93676808d1b3bc618cb30b130d8dc9a3afd,0
7bd84d3a8e276b40bd401c2125f3477204cfb3d8,0
7cd9c9165abd4a2c7e9aaf166c47471154688e8d,0
7d04dfeac012307201e84dd00883dd6a79e6e2cc,0
7d4abd357dd9e0d3fdb464ba6d979cd50a032d18,0
7d638a4c0cf0eb7119022369cebf0ed78b0ed1cc,0
7d7401add4699cd7d543ce18d11d7c9d6ab6e20c,1
7d7e1c6c4aaa8fcb8c9432e6e8763e3a92cd5f0d,0
7dbe3ea8bb97cd004e77541c761bbe20e4373c3d,0
7e2f9f68626b89eca61f8b48cd72b25d5b243c7b,0
7e6f641ebb142663cbd1653dc49bed725edf7f56,1
7ebe007ec03088449f67619ef1e6cb564178b14b,0
7ed27b4a7fcac8a409a294d785c7c911581a7700,0
7f0171ffa25bfd8932e49b3367049b101799dea4,1
7f0416ee8bdcee95e28409cc6fae9c1394c2a798,0
7f883f6fe207cd40211ad897ec96a56d33c46aa9,0
7f9f0408356d4635463eca56e13d3e9f4e14230e,0
7faf91abe1987aa812655860b4e7ef1ad2f93644,0
802f6b193a6767576cca4bd41604b79f98420709,0
806f4d549d390feae2211c071d9556df930e686e,0
80b0014754603c8ca551a5274dc2f1b47d27fa51,0
80d96a4ae4207324c17e3195f7dd6552ae235152,0
80e03182d66d9e6ab18f9a9a9b3c42725a1c89e9,0
8106af699c4dba21c03b1d8ba6c3e702dc7b1380,0
811da0cbd9f67c9a01a905c84852e817512306fd,0
8136e67b408a3d756241ebdf8de9347eb6135363,0
814c49f058f315efd82a5e1bcfcdf509dadbb788,0
81525eef2d235565a0752c41a42e0af3626f263a,0
81f847022eaa6ca290a18a02de6cee18dbd35be4,0
8257e85ae0849e4ce120d5e1be8a91afac5b557c,0
82aba444a8d05ef6ef03c11e5b3a534d46615d71,0
82b3d02fc2dd323299c53098c594fb4be5fbf1ea,0
82d1c91b3ffe24136b7ecf1c25df63f97796d3f5,0
8320e66b5de42ce797708699bfffa6bb6c1b3fa1,0
833630effeefdd60c2319b2f51acb8baf3830027,0
8342d3e6974b804450f2c20be5ac9deb4730c38b,0
834d5e66da703e38a5ee5bec4337b5c723749b72,0
835848fe769e11c678a724a7c4b0a7b5dadaf0d5,0
835cc7cd096ba274ffd71e54115dbefc63cadffd,0
836ca817ef59dae0bc787aefe05ae43908bcdb33,0
8378fbbd22d2981e18b7ebf0adf9c4721c4a42d2,0
83a6eff431007e259fce89905f3245669f65c8fc,0
83fde0b2a030332e0c3ce9b5518e84aab0f41e72,0
840adfec81822d2b902314e6c3e84a4eb597b382,1
842a75050917d1877991fbb0ef20283d40620dd0,0
84a57eead9e3fdbb9a9d4b24a880f304b62967b8,0
84b63d16cc9f6c28e3ba61e4ae1f36054ec20c99,1
84c1419c3dbc5c8ba95629b11798ca05d4f14e37,0
84dbf915a9b55100ad631305fa5f1b86e578a0b8,0
84eb9f8b6975ccdf1fe7aa7c666fcc59ceb91ac7,0
85f7dda77873d5201d26f613725a1a07fa7aa3d5,0
862cd718ed353322dbaf5ac2c9a496137af56604,0
864f513365e954581973862178f86b9fd3cfb8c5,0
86813c1a7214bc002a5d7ce9981a9ef333e27142,1
86a2d149c9557263915a2b9fcd072d2cdd25f487,0
86cbdfd5db5b1c90c4a5f4dcdef702b0cf4901ce,0
86e4da7dd5daa6f266ad4187374d0943037a4f78,0
86e81c3745f4b6482fa0c8f052e32756ca4d7373,0
86e997510b44f12dc9f90a68aaf583d5d3912892,0
86faaef7c9e5e01f0563ebbea610d01e9511cecc,0
8700ab7cdebb96d7afba702b26551c23a0faba72,0
8732f70793786c250ff986eea78dd8a87fcb42c8,0
8776a4154e438a662a3392bb432f1c293fe23744,0
87c1c7659713a63740591faa2069386a6bb1dced,0
87cf474e542ef16601a86cc66c624fb8902c9fc2,1
87dcdce23992781dd047a09ff028bcee9f33d0ca,0
87ff89718192d023282422df4478f48b25467542,0
887e5958701f7d068bb9eaf84f75824efa10f8ce,0
88acb0ede755808266ee9748fcf3d04ee6415e3d,1
88b5f3516b4194fe581bc32409f2587349d9acd0,0
88bc4bc68d8df857d6ba796005ef217873266545,1
88f140f5cfd63202a48bab7a43e2c6cae05ea8da,0
8938fdfa93f8c0647e547e8a04a187fbb5a32603,0
89cbe13853a849340d740d45685e6fd14da93d9b,1
8a01c5d16a051541df404683e6d8ae71bc6240be,0
8a04e80f01350c90f053d71366d5e0c2186fded5,0
8a2892b9d05457f4b67ef6efa6b696746f7e02d6,0
8a93df10c4f5f3f22f1837c47b4ca9b4facc4f94,0
8a9fa857662da1c86ef9c1669922e6f6f34357e2,0
8aa389e3761e86eeb90ebfc3164fd2c56251a44d,0
8abb5b6df10a62445e9d14850184247a51f78ddb,1
8ac2229a57f2ec7ec3555e98ed17eff0ad5700b5,1
8acbf4ceb5d0ceea26d468dd09ba710c8e0134e5,0
8b0f88a2573602ecfea38fdb89e2ad3fcd08f9b5,1
8b2f47b02df571c1c417494a52aefce0d4b5d84f,0
8b738bd061d79c46417f61d24b15bd34b068111e,0
8b845ec814a428121617a8bea387a34fed74dcf5,0
8b90343715be8e28e465991fcdde00f64a8c6c6f,0
8bb56fca68b66af9f06f13e2a530681e2d561f54,0
8bbe1949e17d58e1b5aef9c71e1279ad12ad7ba7,0
8bf987b134bd827b93ed8157b323bc3bd2d8a82e,0
8c3737ce4b8f4e90336470905001bcad05924c17,0
8cb09c301d6fef70cc8a02a4a7e80f3062ab58ae,0
8cf318788d9a2453b74bc8c22bd4aafdf8539aac,0
8d2d996056db234701cf79174e2ed3e70043f8fa,0
8d3ca9030317b384fc10c04b00d16bf4a6a4a9c4,0
8da6a58b4f1328a11def9d48ea840112cca8920b,0
8df5a897f61f3ef45c36fdd9275e66669ae4516c,0
8e233ca2ef55b2100174ee2b32a8668e9190a85c,0
8e8771153af36b3ce111b5b2289bdab2c8bbd937,1
8f4d13eeacc0bb1bd159ecb8fedf71eda5ea15a9,0
8f6fac7f1b8d90c2b979a989a667823df2afafd5,0
8f9b9df1f83ef6e08cad4fa2597873cb20d84ef7,0
8feac9ae54f84fbc86f957732e193e91726ea785,1
900167daeb9c92f4a61003c03494338cde034507,0
9004be61a716e55db3ec695fe970dad064d08d08,0
90a2202b5b4a75e7f673bfb42a912cb97ae6d26e,1
90bc595d756376cc40ca17ec13cdbae5fb023a90,0
90c9f6ff3be81797bc8e53f14e17ab286ab5f6eb,0
90e21b4e8f7d5ad4a7f127f2558cd5cb755ccbba,0
91059de2836c833e07709f4be9149f2c022ae315,0
91225ce17a5e135c303c55a6c92694e5ebed7f8e,0
917927fe6da93b718774314261aaff8b1b668236,0
919e1ffe079ee12e0d04ed159ae617bb9910344e,0
9287816fecd15f7f39cf9b1de592951b1068c9d2,0
928e815a02de127a781f2de242cd78a25064ec7d,0
92a698fe42656274d0f3e31be415ba881b094b3f,0
92e931d169ccd35cf3a8456451a74901979aed76,0
92e9bc92f4c78bb35c643b0b5058cd9df488b844,1
92f38df890e02c4534925343a4bb0db287e9f810,0
931df54ab379bf4eb5a625bf05066b8563c3737b,0
932c632da23f05a0366cff203c3ff2ac6c51920d,0
9338f102cbfa681525cbf806ae71481944ac3516,0
933eb2f9e4040a3a9200b1a461dc4e004aafbf81,1
935566ba235cc5705301305b6c88d4b24094cffe,0
935cd33f7e5731e92f114062e7bfdd5a63139a59,0
93705711316a7e17508ca9fe57eec20d681b470d,0
9375fe9c6aa446c6fb9c2acfae82522676d0da56,0
9376bb0ca16595cac0a1d03fb7b4fa55ab66a8f3,0
9383e56043e48f84f22da6cfa4111ee87fa62f5a,0
93aa09dace01c2abe301ee7781cc8ab54b48197a,0
93f7cecb0ba6aae617f782c3ac4bf82e27640cf7,1
943cb6295393a784719e00dc4a9d0465e3d150ca,0
94446e53dc348b9109dff46e92484ed9e6cc1d72,0
947f73d11423de0d365cfa632695b3b83bd53f84,0
94c98c019f6704bea92ec15c1a5aa71b42e521ab,0
94dc9ec91634436a03202a8946bbb595662eda82,0
94e20fefcd624282ad6425da750fdd1e289f6436,0
94fdc794b09317ebbcb1edf89dd29d286b1b4554,0
957ad9611047fa5520f1501b2328b2c22a72f848,0
95805e54f79a3c0f63325694c4a2a8a47d7330fd,0
9592355960850108af0097c44ac49600cc062734,0
95fc79c6471ac31e5ac71ba19d000088122c34ab,0
9670afa20141dc2dd89b91d611a988c8cf4b0ca4,0
9744644b9d643dada81566f58dc8a78f008e8fe6,0
974e051bc5e2541261c44cd6fc27717dfcb3267b,0
975fc55b2ae9de9ed630f69812914dc8267655df,0
97ae32388c4fdb4a48ae0892e8a9142da062d032,0
97ef7b50bbf12dcc3e4127c71487ec37f5b7132d,0
97fd9cd8867c52d07e46c268d2ee9142389e3c82,0
9807ee3253200e8ed25407d95bf06ec13ee7be8a,0
98497b19303af231068904157034049ba5141137,0
9865ea2bfbb50682f322377dbd42830c15e5915f,0
98672cdd92b6325ff78c763955a7c045b364095b,0
9884c49fd0d4683d3376070bc75d88a4afcb6a25,0
98cd515fff69a930164df0a4f03e69f720362522,1
98d75f692ad91755c28759d9be27b1c43b14b080,0
9a1ad8c8b32a90ec45bb4ade507bc0168550e259,0
9a28adef67bd411beda6d48bd64c9248047a1f79,0
9a7443a13794b38a2d89a0f55cb300cab0e35704,0
9a8f6e415db43a4e43ad42a87b3617b3641aa07d,0
9aa50d2de874933180bb40648fc660d0a449ee92,0
9b1345bb320363c1da3e31560ca46f4124c81168,0
9b2080b901cd8d1d0ca345cc80d0e368904eef8d,0
9b34a28190b71f73c26564ce06139aa4e4861e18,0
9b38ad8fcf20bdbdb6baacd5812bcf196d80ea07,0
9bcce8fa5a9d328487a24ef2804b183c9f222158,0
9bf65b4f097bf0a89a91e484bbf9d879474e55bb,0
9c5680c9f645cb6e3249d65e56e0ba2140038e2b,0
9c67e4e8366b5c30a02d4b2ee496493e8abda837,0
9c71d83c5c7b46e363529bce94b7ab6fd2807b86,0
9c78797f5de12b4d81e7c75e3e505eadc047d6c3,0
9ca4ef79eec8ee341cec0257901a0097d9ff3b99,0
9ca56a0049e2009f1725aaf0e7afdf6e4d21d6ee,0
9cad25f258bb2629d263f828574d2671366c238d,0
9d47af6ffa355977b5acc713e6d1f25fac260a28,0
9d53c53dc81aa17cef18c86131cd37c57b91392b,0
9d98ee253fbe3e2134e7242abd572c6e64a6f6b2,0
9da3b1ec01555a5f36047f500b784edffd2f80b3,0
9dc13526e59c16b12ae32de27879b1c5fe73ea4f,1
9dd2560172c377ce182c47ef11a0c4529f4347c9,0
9df9d3e89140b7329654ad5675259ec6f0c4b3a7,0
9e2c7be7d3c6a380c5f61074d9a5a690b617c3dc,1
9e83772d35e858042faeac137307c2908c6f08d0,0
9ec7ac9d03b5be00d635c4e9d5ecba76ba5f34b7,0
9f548bb74aa9da57c0226e4eaa381f1efeff8a9e,0
9f5ba8cc53648f04eb2d050ea01b2eed7bae6ba5,0
a08ab0b35d569ba72188f1ea39d721f566d6255e,0
a0fdca138feec2c2e94eb75ca1f8b76678b4d152,1
a107823dc38056dbdc5c23db2daebe211b0a5bc4,0
a1120fd2a7ecb4fbcfa57f662aa0dc3c053b9517,0
a196207725a37aecaccc8c7858cec3a4d1c4ff55,0
a1c52846888d555e94506f83e7eefb588f875392,0
a1ca307981b0930d1687ed89f0b7305af79da0f3,0
a1e87c60963d7ac736aad01786dc6026fe2c3ac3,0
a21bd994eb56bf734f25e4a4590833a3258aa1b8,0
a274918dc54a60d6a88b4f97110abb6bcc9a2427,0
a27ccd8a56fb52a61d79f87711324142a5b4a141,0
a28ccae9fb86aa1a7b316fbeb7f9e6658f9a8f7b,0
a2aa00198bf1188f1dc2982ccc4b0679f54ddc61,0
a2eec7eb4a032dfc1f53a49c55b3c5ef9094aca6,0
a2f35a32fd989e940b70485a8f979ad92a375483,0
a3836b562d019ad1ce637bf1341c1fc3775c7113,0
a3b374a54cbf45d6f475b3c3ba531b794b6b1a62,0
a3e382199cd45169ebad5c2c1544d67ac7314412,0
a4015755690206e1201851c933e062856079ab85,0
a40e5a07ba29177ed22eb88751a8336ed59a7c25,0
a41eccec14620c830570a3c366978fc653dda448,0
a43a98875d6c30d884dcdc54a6fbeb3ce087e0ee,0
a4a99899ed819d890c558d56d2d3d4dbec324835,0
a4abb3474dd3df0532bb0adf8e32ad2c3bedc9a5,0
a652280fbb45c94b6ba9be5e7f4f9cd8c708f5ca,0
a6a6a708ff26c8ddba966107d2add4186e173ba4,0
a6b33018561f12724f89aa28f7849f3f2fc34092,0
a6c14b41814552152df335cb7f811088eb7eb160,1
a7161ca7d7a2abfcbe6d4499883747705cef1ef8,1
a728111cd4b90a2b71a30a18e605d36e09770685,0
a7e2a44fe8d4435ae99532eb0ab852e6247f7b16,1
a80acbb1ad4e26987a7ff82c587e4bb6a81d15f2,1
a84e505bcd97c79a4c91ed7f34f18988c11bc267,0
a86a587788e62c801c9aa71cefe7fa703d0ca810,0
a89170f6d5261c62bd59f3229235edc6c2175fc7,0
a89bbe22cd2461748d595a89a254de888a415e6c,0
a8bd0b8eca5168084d2d5ac9086e573e20fa572d,0
a8c4d86f9b4fa776259eb5db788c9e2b146aeced,0
a8edab2e7955b175c5cbd2a3266fb51fa9712aee,0
a9119eca19a8a427d2f99693bf98553d8bba8bb2,1
a92b6ed798348e1dee34b174f62d6a4c84ca8336,0
a92fb28d75f92b6fe4584b2b49d8b802464c839d,0
a9b5bebb1545bfd555abaac43421309fa3d5f0be,0
aa4d5b3cf42db1d82163477821268dc8c844def2,0
aa8900ca70e6f9422490c1a03627400375d3ff83,0
aa99884782e54c54ee138f5609b3be84628e96f9,0
aaf14c45c96077c0075af8f3442e392b717244c1,0
aaf5a3010e3c11ae14e3d3c966a53ebab67146be,0
ab2ef8660aff3d115d069e2531eeb8218553b59e,0
ab427ca043e21cb6486fa3ae9d0f58c4a58705e7,1
ab438f68c106afce61949371c577f4505870a693,0
abcfbeb062ff014e3ffefaaa1a689e0646af1d42,0
ac4545b40d1564645476cd2685da7e91f52907c9,0
ac54a611f32c1a480e4f6505533885cc52653bfc,0
ac8e57259f8e4d8183d938f46a28f3c73b595940,1
acd599606e4d72f6d83342b9c561bc324fa502cf,0
acdbe8c213576792dd95d87315bcc181ea61b57f,1
ad06a5f9c347ff2ddd87885c2f16f91637b471c3,0
ad5ed9d9c104bcda132ce54e0b983a78246fe06f,0
ada47fbc50e8a324538517ba262490499cd05530,0
add298168dcfe2d841d81d7680ea5a1179f5eb2b,0
ade5c99a072b19350c6cd1e7b1c79ffa031cdfa5,0
adf10c07bbc360689a496ca950d72f4b15ecabcb,0
ae2f937761de7678b6abe586499fcf466dad93d8,0
ae73f860b99f30256a3f2b30d4e5bfdb0beec74e,0
af06e87f719f3c247d3da4da75e9c91dfbb25706,0
af50018f11d4fdfa8ac04a55f942a4973cb15c87,0
afae14eb86d24d3b6f8dd1d1a23da2b355c5a0d7,1
aff60e46290f46caf16c7be7de196425c4fbef94,0
aff91753cf4bd43a100746270acc7200c742c403,0
b02b2424f8cb03409e280cb5faa1cf0bb78547c2,0
b067a65444aa5b3e745b11b301b66fb4336b48b4,0
b06de590e0b63d3a20fd71f386e27c2cfd49d055,0
b074c088842a9c6fed6c0f6442d7f9030b469c5e,0
b0c2a40fb979829ceca2ca51858ca67269bd5992,0
b125218df3899cd194d6d6e3ac0bc710afc90f54,0
b1546d7382039d1b0bb46e5f023347a4fdc75e79,0
b1c387e986c3e479972ab9b3639221eb7e7afa03,0
b1c9f0e76428d69e7ee39448ef182ad0a23327ec,0
b1cd2b9ec2eb9f1997b72169dae3ebc203c11442,0
b266786728eef1c0ae132d8f7beec57b5e5a8aaa,0
b2bfdc5c88a13e82d647e7ae836089a12ce001fe,0
b315b6e5fdbd5cae6877cf87d232956fca12a899,0
b34f7302313bf91a2828173d0a9bf6a2c18c2d0b,0
b37af16aeea4cb3a9f9a843b9fb671ade1db0101,0
b3873fb3e45f1f74b77148bf64430ca0860a8266,0
b3ba2a50adef5f7f0aa69096ca1992ae3a5d7960,1
b3c9e3f1890409c6d74686703be6ae81986ffe7d,0
b3ca9ea5e31fc9b6c0a5e644e833874bb7cc62fa,0
b4265d369dc29d57a9f2846a85b26598e83f3892,0
b44fa2934fbdcbe5b0c1e2abfc03d08f8771990c,0
b4f49eed4793d46cbd2321d0a2573b0ea166e3f6,1
b52624e66bd10f36cd4502077f7e281bbafbca44,0
b5579ac1caf331f494b5d2f1b7b557f7546e1b23,0
b57433f10ef04b94ebde06f01f7e64a04e835e9d,1
b5b90755f5c3d4fd0399c9709cbcde8a4dd2b293,0
b5cfccace3e7044dccfa3b73b80adc657a29ddad,0
b6a9c70ef0a52f1852ad176f4f17084c8aa7d7c3,0
b6b74a46eaeb2dab8a52ffc30f0807bf1c0d9429,0
b6ed9865d0614332fa419fe4b6d0fe81bc2e660d,0
b743552137969cc827e73221be0ab17a8112c47e,0
b753a82d7e9f2585a973e2fe9d0749747a2e6505,0
b75a6dac1bbf4d153b177fc3a36c9aeb6ffa5ea3,0
b7907fa602917be7ebd11c5cde572ef0d2f24b21,0
b791c1cd676ad2dd45e186621282144ba07e4532,1
b836af84f064cfcf6d92dda16b534be13adadb72,0
b8c6812d3afd12b3e7b98ce87a15a74ba67557af,0
b9045dba98f053e31fb93922978334b126ad146b,0
b930227f907af1198765fc47beabbddae344ca7b,0
b95c8ae8383d43ef15788322f3a981808827f689,1
b9696ac80bb496b52d05c3884f81b0746d9af9e2,0
b9dcb010f74675f6369f7e74b931b670e0ecab51,0
ba0ac0dfd47c768661fcd5fa12bb00af851eb548,0
ba763b95e8147be159a39031b9c7396e88293ebd,0
baab4b209ec23e59b4d389e18aeea2c6fc324506,0
badad88737578ffd2d1f87b28bdc3502b9b4076c,0
bae28278ae8299ff6fef552cc281e1e2707b0995,0
baee8cd2c46bc94c3e56cef9c8a0b3f4144a79f3,0
bb263e0081d24283fbc1d692f8d581c7e169a0db,0
bb5694b8551f0d7c63cb3ceda1d404c25d9d3132,1
bbdaff9c0af8c3f06bf9682a47c259781dafaf25,0
bbdbe79929d477bd65643c841202c89401666bf8,1
bc3301bb3ee86e97c936c1eeeb648f3b3475101b,0
bc4a397ef13c99f497b87d03959f593dd01bc303,1
bc6d4bb804dd4b14c9b5562feee4464e3d1b5bff,0
bcea4c9bafb101901543c97174fb3d20d0f0c017,0
bd7d59c38f5b90d8b089520abf05ad9cbc8046b5,0
bdf7729d9cdb5afa957cada2f5456744a1151a57,0
be392d35c78ca0a5dc24211b051cfeacba5f59d3,0
be5a7673338cacf39ec16f35c45e8106d5f12434,0
be7780ffece075f7756f8bdf7cec708574056fe5,0
beb92492bee282a0a5bdffa2e1009ccb3692c9f4,0
bf0826f591ee0a9c9a531ed42ec77dc7590a3a58,0
bf4dd7330dbcc9a32c407d665fe3b9e2b049c26e,0
bf6b37f2e31214ca9bbdac784bb864c421b7dc29,0
bf75e3950a741452b27205ccec308853dc7bd1be,0
bf91745bf509cf6277f934a4c8be05032cdf6e03,0
bf962f62275071dfe5f00aedd028b8231680450c,0
bfbc4c04e007393986f374a02dfb7ded23bc9a05,1
c01d3a92db7f71f751a0522912d24bcf4a94a1b0,1
c03962c8c0d972c7e17a9f6d247887754fbe7f3f,0
c04035d0342546a9e7058f12f580539f8ebbd94b,1
c0513811a91b17d593941e567f789fe808d192d5,0
c073253366acf3bab28e530c1deab512735e5d7c,0
c07b23352cbcd60172f0ccbab3ea6747e44307fe,0
c085df44f8b0663a7ee59737e31b2cc49e533882,0
c0af1f51166761c65da9084ee750e794c43dcd10,0
c0c92595fd9e5ab8eca74b33e34e066465f8fc6f,0
c0fb57d9d20e8eb7cb77bce8742e4566a18f5db8,0
c14dc3a06fb4b25db3e69f232ea565a4ff161824,0
c16c8db4594e977320a2fc8c29501ac40933ec87,0
c18b583020cdf97b545586ead7c3ccdcb57523f3,0
c1a1dd268983802b24f9fb7a383a90828bce7a10,0
c1bec83192f87908944b5f3cb1194018f9695d94,1
c211aaf0cad59a3e5764f8efcc1be76fa3667af6,0
c250fa5f6c7d43dbfe04773fc03d5018b8b857fd,0
c253b7f480c85a554105e3711668a282cca64f93,0
c330c42e10d07c63291e898ef4de6d09b210a05c,0
c33231bd439f02e8651d28f16ad273fa5eed384d,0
c3893abfdb41777da9458eb8d46c5344cdddaba0,0
c3cab48325a8c013f267c9ccc3a375ceb0e3c5e9,0
c4911bda043fa76d4051a58f600be9652130fedf,0
c4bc382de5db122e65c70dc5547235b0e71bb5f9,0
c4d06f203d204d4a3128e1b997144edcd82e48a5,0
c50605a945b7b6b62b0869210a3146efd084b2ae,1
c52cd98c9e9328b675e3601d5cc269a71e05944d,1
c55caad9d492081872a62681bcb21ef6e17e7340,1
c59246d5edc68539bcfdd327b43c98c0f45e8fa9,1
c5bd467c36f7485e67180e123b14e154c684eda9,0
c5cf03806d646045e01f6cd382504fa73dedfeee,0
c5f96e1db54a186cb6e8e9430d22704af418248e,0
c643336945dda84cbcdc8a39530baa24fede28c4,0
c668d3df1baa4dd40f727aaa2bc1fab697520913,0
c68e4820816c19241568f4a8fe8600bffb0243cd,0
c6a644244734b80c3a444890cadcf21b733f83e2,1
c6b7aaf816108771b914539785f383d7e65ede50,1
c6d07d3ab66083f32ead69a9e2ff709d4c29dcd3,0
c720601aaf2c947b98e1294e766662da21368b93,0
c7522305732396dbee751ea37e2554f2420908be,0
c778297e80e19c7e16389e5c5bb3487512695c0a,0
c7c8e5367e9e7b75bc12eb11fcbf189655340ccb,0
c808bebd00064c6c1d2c702f10e249e6e2f99254,1
c856f30bc556ccdf5c1f05a0244743eca8100c3e,0
c897c038102b4bc108012c4249209070535cacbe,0
c8d74e7113ce444f3897d5f5416859f13b0c15cc,0
c94d0271d990df6d6cd9a1dfee7b1706f451483c,0
c9b49d8b07f34ead08aa501a0b9c5e4100c00e74,0
c9bb1c97b2364c5584f8962522a622c5bf13ed80,0
c9c21378f2fb2ff21355c128c45e106ebd87ad7c,0
c9ca34a27a5d268ec507d7e23110e775622743e8,1
c9fd44fbd552a8b3474fe846be2d2834453133ef,0
ca067a6bbb91bbe1d8e3878b1ececd0449ae85b4,0
ca2fa277d3a85d3898f193ad26c427b4117d48b5,1
caa30ffdc02b57cf970ffc7eba5f877af184114b,0
caeea2145f3e9e834e9854b2b160c2c3cf0da609,0
cafe4cbcc4cf31839ff5bdfb5af7a55a682ef075,0
cb0d0e770a63a415d280bdfe0e4f27b2cb2c883e,0
cb1d21f0a34dfe9115a076c54841c47b1f136a66,0
cb590742892c39dc6abb84f6a85d87235d555f32,0
cbaa58b5087acb16584bbd2fd383d519e46748c7,0
cbc1baa07a2c3774dcfed288c9f3316dbcd35100,0
cbdf6f296c1305b224e8056c3e6abd023aeb1646,0
cbfd45460c277ca2fc69cf383aaa32695bd6165a,0
cc36307d58bb4d7d38c5f9c3e1baf52d093b0ae6,1
cc47a8c0e1762b17f3889bf8e36b92cf51a8e7af,0
cc5b810b99904220c752a1935d3bf62ee5925ef2,0
cc6edbb49a31e06b7fbf3b2a9e97f898e677e9b5,1
cd04e4f13811d80bc58af9d4e313b2475b6acf2d,0
cd0d8de67aacc531dbf2d5a9840b55ff46bcc817,0
ce5330330ac1e377144fc1d29d5ef9fb2f60e29f,0
ce7495ec1e613fe878ecef7f539ca0f004484269,0
ce7b4f1ae15e688486dcfaca1683e4d63cb47970,0
ce7c9a78951d8fde7188b08dac111262fb961c34,0
ce80410c581bfaa34d2b862839f2d63049219cee,0
cec84227fe3dfa928050977c8fdbd182ca931524,0
ced6909078435963f9e1a1e1be84281a1c48eb62,0
ceec57aa0d2e082c01777bafc55f007c8bbbc7e2,0
cef770696c12ab8cbbe5d9f30aba9416a3ab2df8,0
cf676d9244a456180dffff35f89a044d634dd37d,0
cf6f5172503ce438c6c22c334c9367f774db7b24,0
cfcd4f7f64241fe58568cb5e17b4e6cf322c4ce4,0
cfdc5e3de32b6f30068b2f6efac7dcafa0ec91c2,0
d08f4af635d6eee2141cde6ecf9df26c08a8639f,0
d131129ba798164c7db297fca4750a121dd4a5f4,1
d14e4aee1c204de5ea726fa632aeee5823ca44a7,0
d169cfc22a90a88a58bb67eb2ee86d880ea8f5a3,0
d17fcf6427e0b00b6e48c0c80a4ca111925fa41b,0
d18087dd4081d932d57c8677880059d1c3472690,0
d19b9eaa82753a5dd671ee4f0847574f65f4aebf,1
d1a0419a0284fdd40fc1a9b263ce6ea3556f565e,0
d1a9c55cfd07735b882b1820e5b0ab45595a4059,1
d1adf658c214b2720d7e339acb662dcea2d66fcf,0
d226f5089f63cf5fe46b6cccbd0c573d1dfeba45,0
d2400e07581134d5c5988a10ff5fab270537eec3,0
d29ca2a71b7fd281c15f7d05e135c196d2b2488c,1
d2d1c6d63d67115448d9b929c2d2e2e3dcd7f0f1,0
d30c2b02e27075477b065d6f44c2b0d017b7dd3d,0
d30ea588c63b896be10171382e6f2a0d10f0022d,0
d3624cbfbdb2187a432aed9295755f7c7b39bc25,0
d36c0d4de7d75e455536cba19d0acb378497d6ae,0
d40a62f6de44a9d341c166c23c88f00ed0d85e86,0
d4ccc50ea7c19a0b93f2be9c7d7acbe9259f75d8,0
d4cd7f9eed6f7e5c1967d8aa8fc228e95310492b,0
d4ddd74ebed3a68fab70ddb9bb86ce5efa9ea65b,0
d54d046b8a8f2e9e5c0a28e1f8c7634b3c8b18e4,0
d57343cdb55b6f3b951e43ffe768305477a32344,0
d612aea850060c7d77124f79c525f68032a11031,0
d6362d0947d9bc20ca900efa8f278f676a931ae7,0
d65d3978e46c81fb79997f58bcca8528baf3c6f9,0
d680ba1291fca2bb78090d105408297464247288,0
d6a86eebb4183f518abf129e0bca65ded539a82a,0
d71bc421f8a7eeec3640b52dc8c93c2db5cb33f8,0
d7a3b9406b8496c3f1508bebf3c7ff5367374b90,0
d7afb22c133cc19ac2e278d82d3e36c4ae5c4d56,0
d832747d647df343ed07a58b1b5e540a05a4d51b,0
d846a74730edb4d142e0a3051c60e9fec33f1f09,0
d86ce5c699acb4b032ad3e794811c28fdd05a28d,0
d88004fe5dd65b305765d4652b8b747c50b16b23,0
d89f98f5b46a1f4a072dfb923475ea4821524f36,0
d8b5d5c4cd6b695b6e28e56fe18909c3a12a865e,0
d90cf846b9dcd49acdeac7bb5fcd13ee80dcdba6,0
d934c6e7430b7b98e43a0a085a2304bd31a75c3d,1
d96414553254f3bbf37a2ffe8dfbb1d046771536,0
d9fe1406ee287226704fdd5e3a53d59e6b0a556f,0
da21273d427f318ed5f052c9471f404a240ad3d0,0
da7478d9d534eefd979404417d0dbb9e7fd84a36,1
da7f9962c640666a743675085922bf75a656f81b,0
dab69242d535bee4cf8da4cce6eea800767e37fc,1
dae35dfd9ccd7f176569659f8de95920f8fb08d7,0
daf48bb297c31f806a9eceaf9d171bbbd9f13fd1,0
db2451cfd97954080225ce2b1cb6c4bd4096defe,0
db7b4ea76b85c52b59bf0acfe8e39cb7070ff325,0
dba9b5093433c717c2ddacba996384371aa6bd76,0
dba9da3abf1b5e6f59251b5a6d948c5bc502c9af,0
dbee774c5b95121b2d89621fc66f8a215c15ad7c,0
dbf259508c2b8e176d8cb837177aaadbf44f0670,1
dcc4fb00a51ac4f5798a39a43d8033bb1b65a306,0
dcf7dea53fe6b7ae78737deabfdf7df3e3ceb193,0
de04214bb58356b42619fd1edbcb6b9f52376b5e,0
de2057b2326aaa68c913e2a4a929538d6cc507f8,0
de39a3d9f4c8a01f193b0258173cee5694c87f0d,0
de6869e67fe52fbd4248e2db1c701ea64c5c2902,0
de6c2f944a798aedbac7f30360f42c93e2a80fec,0
de7617e9c782728063b8671dbe67af096c4f0e9d,0
de7793e69bb946605c55a615d53fb2341696d245,0
dead5743f59d2341ffd46391041da845d06aa4fd,0
df0e4e7960f715a8cf7d1ae38250b7122b3a0e47,0
df15551a4bdd8cda54b188032eaaa24495cdd4e0,0
dfda16d7432dfc1a087b6a050884611a9a5ad6ac,0
e08cc350e0dba5fa9c781869c93f183695dca10a,0
e0c678e9a015e811283a9cafe875f0e928ea179e,0
e100638244c4ca5eb2a1f16bcdc671c9859c2694,1
e10f75c33d57041083c95d08dd16635eeafe4ba9,1
e16a6c2b89879034be65cca56b33724914b54033,0
e17038b5330bc4db66214bf59e5315d7efdeebde,0
e18af841f9aac9bd802cb6876c09bbdaa23411ee,0
e1bbde7302d7d169bec978633d2dd85eba2e19cc,1
e1ce6198725dcfe07d1c22c8a96a58642fef5392,0
e1e2ea84a70cf9e56ceb1c8b95fcc3c442c836f8,0
e2250e0b3ac19dbeda7672102fc648be6644f303,0
e22b51f3a7fee3b7079ea2007d88ffad4f60596b,0
e2347f165c5e0a8522bc55ed01e973b196155185,0
e2520f85097f94fb42f30f0c6dfaacbc55bc923f,0
e26235745ca6fe43d00f4d961b3c244a373ef2ef,0
e26b4a85b24c8f0a538ed89531fec3703d9dbf20,0
e2aad41e6a8d0ab5315be519cd43aaec984f2912,0
e2b291f8a7b061231e43ac78241fadf96f63c77f,0
e30d68d9f032929a35be85461ae0a68781b3994c,0
e3154c3cd66c2c71f9d54097ff3665f687c6561a,0
e366ae8510d85938ca25e3f74537239f2484cac1,0
e3ae1d0131f9f79262bc428f60e3a44ba0bf2654,1
e3fcf71ca64f3be62c008fd64cdd29f3d4c93278,0
e40afbc971b0553a85afb8189a3ff2902e39c1db,0
e410739b7da15df5cb5c37ddfb596eb4b5a82805,0
e45bb0690764746dc2f6ae66d3b55efa873b4592,0
e47a1127f8c17d6aed1fdccb182c366f2c519b69,0
e5171ea6a04b8c784a1597ee4ef79116c5f37799,0
e53668eb2379386d339b88aeca95430915797016,0
e585490656225f88dc28300b722ec38dcffbb6ba,0
e587c998551d1652f480ab9f23d6a426b1068602,0
e5b45f6b4b60e72841166200245899b1a588691d,0
e5c3ea7c418b10bee4bcfe74db0c9c2aaf5d8c06,0
e5ea32b76d6fd40e62b62dbccc4ed9070a860a4b,0
e5eda6370510337a1660008f80bf7ebf4a0ba288,1
e615cf8fd3547175b6dab3147e3214f1ec56140d,0
e62aa0252dfcf34dff0c3a9c51265b1d0f9dfc9f,0
e6747ead9528e1302daa93706cdb547c3b8209c1,0
e6a874178070f7ca7570723ea993a19cf895ec46,0
e7127129dbc0f4ee83985052085e185e750cebbf,0
e75b76c22c38aa934133553d8941cce43b71c6d4,0
e771b88479c70cd24ea489ef325b59da108572cd,0
e783d1871598629840c50ba95edc983e9de26f93,0
e78e72f957475122a86eccb16c91efb13e6d8a8c,0
e7b7334e42d8709fdf69e5c8d929f6ad25dd27ec,0
e7c14feacd215f8424592bce0e51880f06e95f66,0
e7ce5dcc0dc576fe8081c66e17b57b30257af9f4,0
e82758a9616fbd29e5fae9c4f1095f5c9a1ca509,1
e87911710edca0970a95381843aece076d755952,0
e8889b4385348ff71bab8cebbd7ea70e68ea13d2,0
e8b12e4eaf7bbd9b7efa2087ae241728e6eeebb8,0
e8e5b51bc64e71cc7645c1083b33e1942bf4a03d,0
e8ee4ce7fbdc4fd8d0a496731f2b0a481687b72f,0
e916594b69601bce58e045ba8ae2acf6af66eb46,0
e957eedb959dfd5ea5cbe8e681ae9ff5660f8bb6,0
ea19d622bb76d2dab7561d6f9cffd7667b92e75b,0
ea35563b49e11ff9ce5c7aca70bc2dbbc58853e2,0
ea5e0190ad568a7ab0df9be498fd130a17e29519,0
ea6c0091fe4e03f3a5af34dd17e2288940c5ae7e,0
ea7473170159ef6be75025292e2050071534f639,1
ea7fba28465acb70d9268ac3af4beddaecf6e8d6,0
ea92e95461386f1ddfda37bb09ec170b8e306ae7,0
eaa423dc716e731ff77f7aabe50eab0cccc47ab2,0
eb1ad0aec6697f98a894a515efe933e624ff06b1,1
eb564a25e111269db41bed99a7c781d1ed227270,0
eb6085a31d9b8e3f041ff59fc3dcbb2a110b3f95,0
eb8aae87521e627d3cd333e4dc351390bf1e80dc,1
ebb6c3f8149acf2b9afd29d31562f7ec6af6895d,0
ec14f6569d7c9b0dcffbb799a7fa19aafa25a210,1
ec2892287987798e4f54639fc7d414a17534897f,0
ec46e587ac2cff468a1c10664dbf2af12d9672b5,1
ec4d64a30856f73ff4bf4f90335257d0d374724a,0
ec50a2de8c6901bff366539ace328443a2664209,0
ec6873b41c378872974ee04c685c4967a8a85608,0
ec7f1316021841a67303a56218eb61d5828eda2e,1
ec98c8a95beb58fface26371b5ae3829493259f5,0
eccb3373031f11b8fed1864656fa8e42141ed429,0
ece2e17b191ac25a1f7facb5ab9270f04aadbe8a,0
ecef56b546b1a7ae3a8411b3e2af2b64fc72799e,0
ecf89a60bfd8089d1b1de5666bd2e9d5938abe8e,1
ee08e89e8e177a723146bbb58955e77a4bbd2636,0
ee0f2e3fd574ea28e2764119489e456dd9938a43,0
ee9bd94082cb27694e94b6bd5907b52a641e86d9,1
eea45cc978346e1c666265e8a22e01c26f3f71f4,0
eea9fca04dfc7ca5868a04f1812d294b600e65b9,0
eec0d8e877dc86da4946268caf73c2f7ed5d2fc6,0
eec9eb3c0c2f4e8e85ae7f7a85e8dc13d218b109,0
eee37fbdb426e1499dac242eb5b40a4b00629fec,0
eeec0c07b06e6121ed33e20f7c663214538d0da1,0
ef049510c4243d6b7d7a1752a198426492c8fd7b,0
ef0734bccf71c27d87d7e519afc8e683be09b3dc,0
ef2939ffd0663f8a5d86fafa105deb7183e2ac2d,0
ef9c66118ede16f3ff239ea864641d5bdadeecae,0
efcd57f60d634c6027a2244e61fe66bba080d342,0
f0259cf598f2b078634af44b37d9e301b487d29e,0
f0429be6ee603f3b94d37c53005f40853d3f24b0,1
f04cd8681d3532f9c8f2eb7306962056a287e2ad,0
f06caf7ca7fc38c5c834e129ac18a483ef37c58d,0
f06ced410445ca65a5e4a84ab0c553638625258d,0
f0797388bc220b48c720e0fb29d42d4f58243757,0
f0a8dd64230ffd212191d30c114503748b7bb43b,0
f0efd27bb748316e6dc1e3dab9307739908b2a12,0
f0f74fe4049f38a8c022c4bf47494b12f9ce7174,0
f10c8fe884987920c5332885f414ecd8c06ddc05,0
f14b4cb4189ed5dc86bd161d04b8e5f9429fecc7,0
f15c92f653d2b63bec10d17129eed4be226beebb,0
f1a084efeb76563f5950783efc69b9e507e7069b,0
f1a7b968446b1cf0eadb7e4281fc7cd0d3eea1b2,0
f1d0100832d5bd1609cb1c31aded3ab094ae395d,0
f1fa8f911d8ad6a79197ab4beeb2fbe9abe57445,0
f247cbee948b705c45566945774e45de975265be,0
f2540192bf560892cdfb7d6a49b97684a0c2cf48,0
f272fc1df5ddaea7970ca5ae7a76b74bd617e97b,0
f2a3a3e8c2a1f7577f9dfe27dd7eea0dd2c97640,0
f392884e31d9325fd90643b6d8e01668a58b70de,1
f3d09a04c180d43cd9be30d476136ff64410971c,0
f3e0ab4c5a26bc73fbad4a4eabc79cec4bb03106,0
f3f2b529b879b1bab9d76450fb24c9682cbaca16,0
f4012c50984a4726d562aaa270105a37c41d842c,0
f40e13a076d7f052146d19672ae80f1a2d0798e8,0
f420f28466cb82915defc4e12466b298c275abaf,1
f451ad04bf1237dee259ea9caeb5a53b0d9d5f3a,0
f48c9620fcb877d23492c6fdd3cc7f7be5cc10e7,0
f4aa4ee09a12b16dd2aef3542c8b787e106bbe77,0
f515def5b82f29b2accac056e2148077047bdfd1,0
f545ba0c03ca60907ca78942d31ff9afbc00d0d5,0
f5703497dd61ca4ebb48bdb6e3b9658f28c4bfeb,0
f5fb7a2cf5585214b49dd1bbfbcde849008b3f36,0
f65c961ea31e3c1851daba8e7e49fc37bbf77b19,0
f6661ab95749a1edcfd79985faa09e922e3f1ea8,1
f67415d8799a540dc7d1bc9a52862b4b9f2a5a60,0
f6a07e63e62e13e72cc4ee3a034398b4b30abe03,0
f6bba24d44ca2e696d8cc5fb4f6c28681b339be4,0
f6efc5660d4efc29dc7cb69f090e48dbc8ac74eb,0
f6feaf347d2ffd0ab5f50cbec79f46aea01053d3,0
f74b089162820b0e80a8217b505164edb1531ef0,0
f75cc726338a46a22b4da96212ef1f99e0815da6,0
f7db42a8353b95279bedab6b3b9ba12f0569b24a,0
f7df3265215cfe74769b908db1d3298c7529ba00,0
f812e3417988e13ed638434f892cff5c4ab843ad,1
f815fe964828ad416544c3ac4d6f00125aef3d17,0
f81d6bd63b50c27dc62aabb85a6d864db991c9dd,0
f8718f9187028c20bf1c042a6a7bfaaadd4ec8b8,0
f8ef7ff31f591b49b2aca490ed840d1380ea3d2f,0
f9113be57db9607c0e3710b8560989e0f8f8efef,0
f912dab8f3c77ef9667370c57cf8d35cf0cf4a32,0
f915da57723b9ac0139a38ea9e365a3a1968538b,0
f925e95f0526d33f011dab2aa715f3b2433449a7,0
f93d05acefc81fc9aa6d90914eb737783520c68a,0
f95552b62157eb52f266c28fe6fd714604177398,0
f987b216090f29719976ed1693be2ea358523aa5,0
f9d75056fa293acf7c2965d9cdba62f2b151886e,0
fa63d9091f00f5e6c289618b905f86e864175ce4,0
fa814744dec32640bfe19444da250da7772a8079,0
fafd12dfd4f71336f8e32c090d40ed1445959b40,0
fb23b719f222e4c1fcddca694202db9541644c34,0
fb3b6dba571b9dbffaac45ac920037760ceb6dbc,1
fc00993839c69f86823870e06a335d035db48bb2,0
fc1461298a0a137d0fae3cd3b494fc6dec25070a,0
fc2179cf1ac9fbfb61e3430fa88b641d87253327,0
fc27b3138bba69c52d3c7e4158c77a265410981f,0
fc80b86ac68432f71a1015ee9588a0b6fcb5fbae,0
fcc0ac6dc6c687ef0c34632fc864c62eb0a6f811,0
fd366100082d221c1c8b75cc85552b6d04ee4afc,0
fd6c731690fc82c3d40eb80a917646d8d99c139e,0
fdc6b27e68df54c86cb2fc6e79840d83be605380,0
fdd8cdbb31a8977967d4437ba9a09104bf6cf450,0
fe26e6fba12b10c60b96d6ad62b86fe39dacb52e,0
fe3660dfcd6814616d89571e96b08763ecfc86f2,1
fe68d43e1dfd00807ccbc43fd43bff73d49de26c,0
fe913da35fb60e1537a63dfb7ef903149a5c695f,1
fea3c55520441d1223a6541b0d9a098581ffae48,0
feaf44b623be3201987bcfb44e05b7bb96d0149f,0
ff00050266e1b607babd957253ecce08ec324c1a,1
ff4c8ede2456e3d051b3e22884c124e0d42a1ef5,0
ff8d731594b770eacad47dbb9d67025a1810ea65,0
ff8e908956b9e66bc5f8455ed5afd54130a35db4,0
ff98d823e20f5042dfbb05d9f8efda0daf3d3ba4,0
ffad45edff16cc8c6b67de0cd84a4976216d0963,0
ffb9d2aabb8ade109d32df3f95be3bb1a24f970b,0
ffd0fb693bd31f0fb1a7dd8981cea78637e40b6d,0
